Product Name,Price,Rating"1-48 of over 50,000 results for","₹331",""
"","₹569",""
"""Toy Car""","₹",""
"Diecast Toy Car for kids 1:36 Scale Model Metal Pull Back Sports Car Boys | Openable Doors, Lights & Music, Alloy 4x4 SUV Model, For Kids Age 2+, Collectible Mini Cars","₹",""
"Wooden Vintage Style Classic Car Toy, Retro Design, Best Gift for Kids","₹",""
"Diecast Toy Car for kids 1:36 Scale Model Metal Pull Back Sports Car Boys | Pack of 1, Pull Back Action, Openable Doors, Lights & Sound, Collectible Gift","₹",""
"GRAPHENE 1:32 Scale DieCast Metal Toy Car Pull Back Action Openable Doors 4x4 Thar/Jeep Premium Car Toy Light Music for Kids Realistic Miniature Model Best Gift 2+yrs Girls Boys Random Colors","₹","Next page"
"PRIME DEALS Diecast 1:36 Defender Toy Car Metal Body Openable Doors, Bonnet & Boot Pull-Back Action for Kids Diecast Model (Multi Color)","₹",""
"Galaxy Hi-Tech Mini Metal Die Cast Car Set of-6 Toy Vehicle Play Set Free Wheel High Speed Unbreakable Car for Kids, Small Racing Exciting Playtime Adventures, Movie Vehicles for Kids","₹",""
"TOYTASTIC Set of 10 Mini Racing Metal Die Cast Car Set | Khilona Metal Car for Kids | Pull Back Vehicles | Best Birthday Gift, Return Gift, Diwali Gift for Boys and Girls (Multi Color & Design)","₹379",""
"1-48 of over 50,000 results for","₹279",""
"","₹1,050",""
"""Barbie Doll""","₹791",""
"Barbie Dolls in Barbiecore-Inspired Outfits with Pink & Purple Heels, Variety of Pink Patterned Dresses and Hair Colors","₹540",""
"Barbie Pediatrician Doll and Doctor Playset with Accessories, Pink Scrubs, Toys","₹249",""
"Barbie Tennis Player Doll (12 inches) with Cute Tennis Outfit with Shirt & Skirt, Tennis Racket & Tennis Ball Accessories, 3 & Up","₹298",""
"Barbie™ Dreamtopia Fairy Doll (11.5-in, Purple Hair) Wearing Skirt, Clip-On Wings & Tiara, Gift 3 to 7 Year Olds","₹279",""
"Niku Dazzling Dolls for Girls | Doll with Moveable Arms, Legs, Elbow & Knee for Girls (Doll with Accessories) | Best Birthday Gift Toy","₹1,124",""
"EL FIGO Fashion Girl Doll/Doll Toy for Kids/Doll for Girls with Accessories (Multicolour)","₹499",""
"Barbie Dolls in Barbiecore-Inspired Outfits with Pink & Purple Heels, Variety of Pink Patterned Dresses and Hair Colors","₹325",""
"1-48 of over 50,000 results for","₹2,299",""
"","₹599",""
"""Building Blocks""","₹389",""
"Nesta Toys 115-Piece Wooden City Building Blocks Set | Alphabet A-Z + Numbers 0-9 + 8 City Landmarks | Builds Spatial Reasoning, Fine Motor Skills & Creativity | Non-Toxic | Gift for Ages 3-8 Years","₹499",""
"Building Blocks Construction Toy for Kids Age 5+ | DIY Creative Construction Set with 200+ Pieces | Educational STEM Learning Toy | Motor Skill Development Activity | Gift for Boys & Girls","₹299",""
"Be Bright Building Blocks Set with Storage Backpack – 200+ Colorful Pieces for Kids","₹349",""
"Cuddle Cubes – Soft Baby Building Blocks (Set of 6) • BPA-Free Chew-Safe Sensory Blocks for Toddlers (6+ Months) • Bath-Safe, Educational with Shapes, Numbers & Textures • Premium Gift Toy","₹199",""
"Humming Bird Kid's 80 Pcs Big Mega Sized Blocks Toys Building and Construction Block Set for Children Boys and Girls (Multicolor)","₹725",""
"100pcs Building Block Set with Storage Container. Fun DIY Toy for Kids |Educational & Creative Learning Toy | Puzzle Assembly Shapes | Durable, Multicolored Toy Set for Kids of +3 Years.","₹639",""
"Zest 4 Toyz 86pcs Building Blocks for Kids Construction Toy Puzzle Games for Boys & Girls Educational and Learning Toy for Children (Multicolor)","₹479",""
"1-48 of over 50,000 results for","₹1,099",""
"","₹1,099",""
"""Remote Control Car""","₹",""
"Knox Remote Control Car Toy | 25Kmph, 3-Speed Mode | 1:14 Scale Design, Monster Truck RC Car, Off Road Remote Control Car with Led Headlights & Taillights for All Terrain (Adventure Green)","₹1,699",""
"Cockatoo-Kids Trailblazer 2WD Rechargeable Remote Control Car with App & Remote, Off-Road Monster Truck Toy for Boys Girls, Nitro Boost, Shock Absorber, Bluetooth Speaker, Fast USB Charging, Blue","₹999","Next page"
"MiniExplorer SUV Defender Remote Control RC Car with Real Smoke | High Speed Racing Toy with LED Lights | Rechargeable Battery | Fully Functional RC Vehicle for Kids Boys & Girls","₹999",""
"GRAPHENE 2Pcs RC Drift Battle Stunt Car Toy 4WD 2.4Ghz 360° Flip Dual-Sided Tumbling High-Speed Off-Road Remote Control Car Playset for 5-12 Kids Boys Adults Crawlers Racing Cars Set","₹1,999",""
"Gooyo GY-231CH Hi-Speed Rechargeable RC Car Toy with Glowing Headlights Feature | User-Friendly RC Car Toy for Kids | Black | in-Built Battery | Gift Box Packaging","₹399",""
"Gooyo GY-6328-13 Hi-Speed Racing Car Toy with 3D Lighting Feature | 3D Lights Famous Remote Control Car Toy for Kids | Blue | 3xAA Battery (Not Included) | Gift Box Packaging","₹299",""
"Gooyo DB2069 360° Rotating & Rolling Stunt Car Toy with Demo Functions | Spin, Stunt, Flip Functions | Remote Control Stunt Car Toy for Kids | Red | in-Built Battery | Gift Box Packaging","₹389",""
"1-48 of over 50,000 results for","₹379",""
"","₹249",""
"""Toy Car""","₹379",""
"Diecast Toy Car for kids 1:36 Scale Model Metal Pull Back Sports Car Boys | Openable Doors, Lights & Music, Alloy 4x4 SUV Model, For Kids Age 2+, Collectible Mini Cars","₹329",""
"Wooden Vintage Style Classic Car Toy, Retro Design, Best Gift for Kids","₹289",""
"Diecast Toy Car for kids 1:36 Scale Model Metal Pull Back Sports Car Boys | Pack of 1, Pull Back Action, Openable Doors, Lights & Sound, Collectible Gift","₹365",""
"GRAPHENE 1:32 Scale DieCast Metal Toy Car Pull Back Action Openable Doors 4x4 Thar/Jeep Premium Car Toy Light Music for Kids Realistic Miniature Model Best Gift 2+yrs Girls Boys Random Colors","₹199",""
"PRIME DEALS Diecast 1:36 Defender Toy Car Metal Body Openable Doors, Bonnet & Boot Pull-Back Action for Kids Diecast Model (Multi Color)","₹848",""
"Galaxy Hi-Tech Mini Metal Die Cast Car Set of-6 Toy Vehicle Play Set Free Wheel High Speed Unbreakable Car for Kids, Small Racing Exciting Playtime Adventures, Movie Vehicles for Kids","₹849",""
"TOYTASTIC Set of 10 Mini Racing Metal Die Cast Car Set | Khilona Metal Car for Kids | Pull Back Vehicles | Best Birthday Gift, Return Gift, Diwali Gift for Boys and Girls (Multi Color & Design)","₹389",""
"1-48 of over 50,000 results for","₹379",""
"","₹249",""
"""Toy Car""","₹379",""
"Diecast Toy Car for kids 1:36 Scale Model Metal Pull Back Sports Car Boys | Openable Doors, Lights & Music, Alloy 4x4 SUV Model, For Kids Age 2+, Collectible Mini Cars","₹329",""
"Wooden Vintage Style Classic Car Toy, Retro Design, Best Gift for Kids","₹289",""
"Diecast Toy Car for kids 1:36 Scale Model Metal Pull Back Sports Car Boys | Pack of 1, Pull Back Action, Openable Doors, Lights & Sound, Collectible Gift","₹365",""
"GRAPHENE 1:32 Scale DieCast Metal Toy Car Pull Back Action Openable Doors 4x4 Thar/Jeep Premium Car Toy Light Music for Kids Realistic Miniature Model Best Gift 2+yrs Girls Boys Random Colors","₹199",""
"PRIME DEALS Diecast 1:36 Defender Toy Car Metal Body Openable Doors, Bonnet & Boot Pull-Back Action for Kids Diecast Model (Multi Color)","₹848",""
"Galaxy Hi-Tech Mini Metal Die Cast Car Set of-6 Toy Vehicle Play Set Free Wheel High Speed Unbreakable Car for Kids, Small Racing Exciting Playtime Adventures, Movie Vehicles for Kids","₹849",""
"TOYTASTIC Set of 10 Mini Racing Metal Die Cast Car Set | Khilona Metal Car for Kids | Pull Back Vehicles | Best Birthday Gift, Return Gift, Diwali Gift for Boys and Girls (Multi Color & Design)","₹389",""
"1-48 of over 50,000 results for","₹379",""
"","₹249",""
"""Toy Car""","₹379",""
"Diecast Toy Car for kids 1:36 Scale Model Metal Pull Back Sports Car Boys | Openable Doors, Lights & Music, Alloy 4x4 SUV Model, For Kids Age 2+, Collectible Mini Cars","₹329",""
"Wooden Vintage Style Classic Car Toy, Retro Design, Best Gift for Kids","₹289",""
"Diecast Toy Car for kids 1:36 Scale Model Metal Pull Back Sports Car Boys | Pack of 1, Pull Back Action, Openable Doors, Lights & Sound, Collectible Gift","₹365",""
"GRAPHENE 1:32 Scale DieCast Metal Toy Car Pull Back Action Openable Doors 4x4 Thar/Jeep Premium Car Toy Light Music for Kids Realistic Miniature Model Best Gift 2+yrs Girls Boys Random Colors","₹199",""
"PRIME DEALS Diecast 1:36 Defender Toy Car Metal Body Openable Doors, Bonnet & Boot Pull-Back Action for Kids Diecast Model (Multi Color)","₹848",""
"Galaxy Hi-Tech Mini Metal Die Cast Car Set of-6 Toy Vehicle Play Set Free Wheel High Speed Unbreakable Car for Kids, Small Racing Exciting Playtime Adventures, Movie Vehicles for Kids","₹849",""
"TOYTASTIC Set of 10 Mini Racing Metal Die Cast Car Set | Khilona Metal Car for Kids | Pull Back Vehicles | Best Birthday Gift, Return Gift, Diwali Gift for Boys and Girls (Multi Color & Design)","₹389",""
"1-48 of over 50,000 results for","₹819",""
"","₹249",""
"""Toy Car""","₹379",""
"FEXXA 1:32 Scale Exclusive Alloy Metal Pull Back Die-cast Car Model with Sound Light Mini Auto Toy for Kids Metal Model Toy Car with Sound and Light? (1.32 Scale Dodge Challenger-Black.)","₹983",""
"Wooden Vintage Style Classic Car Toy, Retro Design, Best Gift for Kids","₹289",""
"Diecast Toy Car for kids 1:36 Scale Model Metal Pull Back Sports Car Boys | Pack of 1, Pull Back Action, Openable Doors, Lights & Sound, Collectible Gift","₹365",""
"FEXXA 1:32 Scale Wrangler Rubicon Car Exclusive Alloy Metal Pull Back Die-cast Car Model with Sound Light Mini Auto Toy for Kids Metal Model Toy Car with Sound and Light","₹199",""
"PRIME DEALS Diecast 1:36 Defender Toy Car Metal Body Openable Doors, Bonnet & Boot Pull-Back Action for Kids Diecast Model (Multi Color)","₹819",""
"Galaxy Hi-Tech Mini Metal Die Cast Car Set of-6 Toy Vehicle Play Set Free Wheel High Speed Unbreakable Car for Kids, Small Racing Exciting Playtime Adventures, Movie Vehicles for Kids","₹848",""
"TOYTASTIC Set of 10 Mini Racing Metal Die Cast Car Set | Khilona Metal Car for Kids | Pull Back Vehicles | Best Birthday Gift, Return Gift, Diwali Gift for Boys and Girls (Multi Color & Design)","₹849",""
"1-48 of over 50,000 results for","₹331",""
"","₹569",""
"""Toy Car""","₹",""
"Diecast Toy Car for kids 1:36 Scale Model Metal Pull Back Sports Car Boys | Openable Doors, Lights & Music, Alloy 4x4 SUV Model, For Kids Age 2+, Collectible Mini Cars","₹",""
"Wooden Vintage Style Classic Car Toy, Retro Design, Best Gift for Kids","₹",""
"Diecast Toy Car for kids 1:36 Scale Model Metal Pull Back Sports Car Boys | Pack of 1, Pull Back Action, Openable Doors, Lights & Sound, Collectible Gift","₹",""
"GRAPHENE 1:32 Scale DieCast Metal Toy Car Pull Back Action Openable Doors 4x4 Thar/Jeep Premium Car Toy Light Music for Kids Realistic Miniature Model Best Gift 2+yrs Girls Boys Random Colors","₹","Next page"
"PRIME DEALS Diecast 1:36 Defender Toy Car Metal Body Openable Doors, Bonnet & Boot Pull-Back Action for Kids Diecast Model (Multi Color)","₹",""
"Galaxy Hi-Tech Mini Metal Die Cast Car Set of-6 Toy Vehicle Play Set Free Wheel High Speed Unbreakable Car for Kids, Small Racing Exciting Playtime Adventures, Movie Vehicles for Kids","₹",""
"TOYTASTIC Set of 10 Mini Racing Metal Die Cast Car Set | Khilona Metal Car for Kids | Pull Back Vehicles | Best Birthday Gift, Return Gift, Diwali Gift for Boys and Girls (Multi Color & Design)","₹379",""
"1-48 of over 50,000 results for","₹379",""
"","₹249",""
"""Toy Car""","₹379",""
"Diecast Toy Car for kids 1:36 Scale Model Metal Pull Back Sports Car Boys | Openable Doors, Lights & Music, Alloy 4x4 SUV Model, For Kids Age 2+, Collectible Mini Cars","₹329",""
"Wooden Vintage Style Classic Car Toy, Retro Design, Best Gift for Kids","₹289",""
"Diecast Toy Car for kids 1:36 Scale Model Metal Pull Back Sports Car Boys | Pack of 1, Pull Back Action, Openable Doors, Lights & Sound, Collectible Gift","₹365",""
"GRAPHENE 1:32 Scale DieCast Metal Toy Car Pull Back Action Openable Doors 4x4 Thar/Jeep Premium Car Toy Light Music for Kids Realistic Miniature Model Best Gift 2+yrs Girls Boys Random Colors","₹199",""
"PRIME DEALS Diecast 1:36 Defender Toy Car Metal Body Openable Doors, Bonnet & Boot Pull-Back Action for Kids Diecast Model (Multi Color)","₹848",""
"Galaxy Hi-Tech Mini Metal Die Cast Car Set of-6 Toy Vehicle Play Set Free Wheel High Speed Unbreakable Car for Kids, Small Racing Exciting Playtime Adventures, Movie Vehicles for Kids","₹849",""
"TOYTASTIC Set of 10 Mini Racing Metal Die Cast Car Set | Khilona Metal Car for Kids | Pull Back Vehicles | Best Birthday Gift, Return Gift, Diwali Gift for Boys and Girls (Multi Color & Design)","₹389",""
"Diecast Toy Car for kids 1:36 Scale Model Metal Pull Back Sports Car Boys | Openable Doors, Lights & Music, Alloy 4x4 SUV Model, For Kids Age 2+, Collectible Mini Cars","₹379",""
"Wooden Vintage Style Classic Car Toy, Retro Design, Best Gift for Kids","₹249","Not Available"
"Diecast Toy Car for kids 1:36 Scale Model Metal Pull Back Sports Car Boys | Pack of 1, Pull Back Action, Openable Doors, Lights & Sound, Collectible Gift","₹379",""
"GRAPHENE 1:32 Scale DieCast Metal Toy Car Pull Back Action Openable Doors 4x4 Thar/Jeep Premium Car Toy Light Music for Kids Realistic Miniature Model Best Gift 2+yrs Girls Boys Random Colors","₹329",""
"PRIME DEALS Diecast 1:36 Defender Toy Car Metal Body Openable Doors, Bonnet & Boot Pull-Back Action for Kids Diecast Model (Multi Color)","₹289",""
"Galaxy Hi-Tech Mini Metal Die Cast Car Set of-6 Toy Vehicle Play Set Free Wheel High Speed Unbreakable Car for Kids, Small Racing Exciting Playtime Adventures, Movie Vehicles for Kids","₹365",""
"TOYTASTIC Set of 10 Mini Racing Metal Die Cast Car Set | Khilona Metal Car for Kids | Pull Back Vehicles | Best Birthday Gift, Return Gift, Diwali Gift for Boys and Girls (Multi Color & Design)","₹199",""
"Metal car Toy for Kids| Light & Sound| Pullback & go| Openable Doors- Birthday Gift for Kids |Random Color| (|Fort.uner|)","₹299",""
"Gooyo GY-231CH Hi-Speed Rechargeable RC Car Toy with Glowing Headlights Feature | User-Friendly RC Car Toy for Kids | Black | in-Built Battery | Gift Box Packaging","₹399",""
"GRAPHENE 4WD Friction Powered Monster Truck Toy Push & Go Off-Road Car for Kids Amazing 360° Stunts All-Terrain Grip Vibrant Colors for Boys Girls Birthday Christmas Fun Play","₹69",""
"Diecast Toy Car for kids 1:36 Scale Model Metal Pull Back Sports Car Boys | Openable Doors, Lights & Music, Alloy 4x4 SUV Model, For Kids Age 2+, Collectible Mini Cars","₹379",""
"Wooden Vintage Style Classic Car Toy, Retro Design, Best Gift for Kids","₹249","Not Available"
"Diecast Toy Car for kids 1:36 Scale Model Metal Pull Back Sports Car Boys | Pack of 1, Pull Back Action, Openable Doors, Lights & Sound, Collectible Gift","₹379",""
"GRAPHENE 1:32 Scale DieCast Metal Toy Car Pull Back Action Openable Doors 4x4 Thar/Jeep Premium Car Toy Light Music for Kids Realistic Miniature Model Best Gift 2+yrs Girls Boys Random Colors","₹329",""
"PRIME DEALS Diecast 1:36 Defender Toy Car Metal Body Openable Doors, Bonnet & Boot Pull-Back Action for Kids Diecast Model (Multi Color)","₹289",""
"Galaxy Hi-Tech Mini Metal Die Cast Car Set of-6 Toy Vehicle Play Set Free Wheel High Speed Unbreakable Car for Kids, Small Racing Exciting Playtime Adventures, Movie Vehicles for Kids","₹365",""
"TOYTASTIC Set of 10 Mini Racing Metal Die Cast Car Set | Khilona Metal Car for Kids | Pull Back Vehicles | Best Birthday Gift, Return Gift, Diwali Gift for Boys and Girls (Multi Color & Design)","₹199",""
"Metal car Toy for Kids| Light & Sound| Pullback & go| Openable Doors- Birthday Gift for Kids |Random Color| (|Fort.uner|)","₹299",""
"Gooyo GY-231CH Hi-Speed Rechargeable RC Car Toy with Glowing Headlights Feature | User-Friendly RC Car Toy for Kids | Black | in-Built Battery | Gift Box Packaging","₹399",""
"GRAPHENE 4WD Friction Powered Monster Truck Toy Push & Go Off-Road Car for Kids Amazing 360° Stunts All-Terrain Grip Vibrant Colors for Boys Girls Birthday Christmas Fun Play","₹69",""
